<?xml version="1.0"?>
<upncomings><upncoming><cover>http://www.filmfriction.com/images/films/mbbvs.png</cover><name>Mr. Blue's Batman v Superman</name><description>Two years ago, in the final battle between Superman and Zod, Metropolis was destroyed. Now the city is slowly rebuilding, but some wounds never truly heal, and a dark vigilante has emerged from the shadows to bring justice to the man responsible. Featuring material from both versions of the film, Mr. Blue presents a faster paced, action packed recut of the most highly anticipated comic book movie of all time</description></upncoming><upncoming><cover>http://www.filmfriction.com/images/films/rtve.png</cover><name>RoboCop: TV Edit HD Restoration</name><description>This is an edit of RoboCop that attempts to recreate the heavily censored Network Television presentation in HD. The movie is cropped and pan-and-scanned to 4:3 like old TV broadcasts, and there are fade in and outs every 15ish minutes to emulate where commercial breaks would be. Swears are replaced with less offending words like "freaking", "forget", "bonehead", and "bologna". Violence is heavily trimmed down and cut as well, for example, Clarence swerves around Emil near the end instead of running him down.</description></upncoming><upncoming><cover>http://www.filmfriction.com/images/films/bbaap.png</cover><name>Bateman Begins: An American Psycho</name><description>This is a fanedit the combines elements from American Psycho, Batman Begins, The Dark Knight and The Machinist into one cohesive story.</description></upncoming><upncoming><cover>http://www.filmfriction.com/images/films/ehsakh.png</cover><name>Event Horizon: Slashed aka Killer Horizon</name><description>This turns Event Horizon from a clich&#x9828;orror flick into a twisted depiction of possession and evil.</description></upncoming><upncoming><cover>http://www.filmfriction.com/images/films/tljacc.png</cover><name>Star Wars: Episode VIII - The Last Jedi: Anti-Cringe-Cut</name><description>This cut removes the whole side plot on Canto Bight and focuses on the journey of our main heroes. It further changes the fate of some key characters as well as their motivations and lets them shine in a new light, providing some surprises for viewers of the original film along the way.</description></upncoming><upncoming><cover>http://www.filmfriction.com/images/films/cojw.png</cover><name>Conquest of Jurassic World</name><description>This is an editing project combining material from Jurassic World and Jurassic World: Fallen Kingdom into a flashback structure.</description></upncoming><upncoming><cover>http://www.filmfriction.com/images/films/mrd.png</cover><name>Matrix Revolutions Decoded</name><description>This is a Matrix sequels edit like you&amp;rsquo;ve never seen before. "The Matrix Revolutions Decoded" presents a complete and focused narrative executed in the same run time as the original "Matrix" while unveiling a brand new and more satisfying conclusion to the Matrix saga. Over 2 hours have been removed from the original source material without logical gaps or jump cuts. </description></upncoming><upncoming><cover>http://www.filmfriction.com/images/films/swrotraroe.png</cover><name>Star Wars: Rise of the Rebellion - A Rogue One Edit</name><description>Rise of the Rebellion is a light fanfix of what I consider to be the second best Star Wars movie currently released. This edit differs from others in that it does not drastically reduce the length, narrative focus of the movie or add any John Williams cues. Rise of the Rebellion seeks to restore heroes to the movie by slightly shifting their motivations and actions to produce a story that is filled with brave heroes and less distractions.</description></upncoming><upncoming><cover>http://www.filmfriction.com/images/films/htotfs.png</cover><name>Hobbit: The Original Two-Film Structure</name><description>A new edit of The Hobbit, two years in the making, inspired by the original two-film script. The first film, The Gathering of the Clouds, tells the story of Bilbo, who is whisked away on an adventure to save the homeland of a band of thirteen dwarves by Gandalf the wizard. During his travels Bilbo discovers his own resourcefulness and courage, as a plot unfolds that might affect all the lands of Middle-Earth.</description></upncoming><upncoming><cover>http://www.filmfriction.com/images/films/bfrbe.png</cover><name>Batman Forever: Red Book Edition</name><description></description></upncoming></upncomings>
