<?xml version="1.0"?>
<hallshames><hallshame><cover>http://www.filmfriction.com/images/films/swr.png</cover><name>Star Wars - Episode IV: 2004 Special Edition Revisited</name><description>Star Wars: Revisited represents perhaps the boldest and most sophisticated of any of the fan edits of Star Wars EP IV: ANH. Star Wars: Revisited not only fixes errors and technical limitations to the film that should have been made in the first SE, but gives us a whole new vision for the movie, tying it to the rest of the Star Wars saga while correcting many of the excesses of the original SE. Shots are re-mastered and restored, special effect shots are re-composited and whole new sequences are created, giving the viewer a taste of what the SE could have been.</description><average>2</average></hallshame><hallshame><cover>http://www.filmfriction.com/images/films/swr.png</cover><name>Star Wars - Episode IV: 2004 Special Edition Revisited</name><description>Star Wars: Revisited represents perhaps the boldest and most sophisticated of any of the fan edits of Star Wars EP IV: ANH. Star Wars: Revisited not only fixes errors and technical limitations to the film that should have been made in the first SE, but gives us a whole new vision for the movie, tying it to the rest of the Star Wars saga while correcting many of the excesses of the original SE. Shots are re-mastered and restored, special effect shots are re-composited and whole new sequences are created, giving the viewer a taste of what the SE could have been.</description><average>2</average></hallshame><hallshame><cover>http://www.filmfriction.com/images/films/swr.png</cover><name>Star Wars - Episode IV: 2004 Special Edition Revisited</name><description>Star Wars: Revisited represents perhaps the boldest and most sophisticated of any of the fan edits of Star Wars EP IV: ANH. Star Wars: Revisited not only fixes errors and technical limitations to the film that should have been made in the first SE, but gives us a whole new vision for the movie, tying it to the rest of the Star Wars saga while correcting many of the excesses of the original SE. Shots are re-mastered and restored, special effect shots are re-composited and whole new sequences are created, giving the viewer a taste of what the SE could have been.</description><average>2</average></hallshame><hallshame><cover>http://www.filmfriction.com/images/films/swr.png</cover><name>Star Wars - Episode IV: 2004 Special Edition Revisited</name><description>Star Wars: Revisited represents perhaps the boldest and most sophisticated of any of the fan edits of Star Wars EP IV: ANH. Star Wars: Revisited not only fixes errors and technical limitations to the film that should have been made in the first SE, but gives us a whole new vision for the movie, tying it to the rest of the Star Wars saga while correcting many of the excesses of the original SE. Shots are re-mastered and restored, special effect shots are re-composited and whole new sequences are created, giving the viewer a taste of what the SE could have been.</description><average>2</average></hallshame><hallshame><cover>http://www.filmfriction.com/images/films/swr.png</cover><name>Star Wars - Episode IV: 2004 Special Edition Revisited</name><description>Star Wars: Revisited represents perhaps the boldest and most sophisticated of any of the fan edits of Star Wars EP IV: ANH. Star Wars: Revisited not only fixes errors and technical limitations to the film that should have been made in the first SE, but gives us a whole new vision for the movie, tying it to the rest of the Star Wars saga while correcting many of the excesses of the original SE. Shots are re-mastered and restored, special effect shots are re-composited and whole new sequences are created, giving the viewer a taste of what the SE could have been.</description><average>2</average></hallshame><hallshame><cover>http://www.filmfriction.com/images/films/swr.png</cover><name>Star Wars - Episode IV: 2004 Special Edition Revisited</name><description>Star Wars: Revisited represents perhaps the boldest and most sophisticated of any of the fan edits of Star Wars EP IV: ANH. Star Wars: Revisited not only fixes errors and technical limitations to the film that should have been made in the first SE, but gives us a whole new vision for the movie, tying it to the rest of the Star Wars saga while correcting many of the excesses of the original SE. Shots are re-mastered and restored, special effect shots are re-composited and whole new sequences are created, giving the viewer a taste of what the SE could have been.</description><average>2</average></hallshame><hallshame><cover>http://www.filmfriction.com/images/films/hpacosr.png</cover><name>Harry Potter and the Chamber of Secrets: Revisited</name><description>Harry Potter and the Chamber of Secrets is respectively out of date and non-consistent with the rest of the series. When Alfonso Quaron took over the helmet in the Prisoner of Azkaban he gave the series what they so desperately needed: a gritty, realistic atmosphere in an elsewhere magical fantasyworld.</description><average>4</average></hallshame><hallshame><cover>http://www.filmfriction.com/images/films/hpacosr.png</cover><name>Harry Potter and the Chamber of Secrets: Revisited</name><description>Harry Potter and the Chamber of Secrets is respectively out of date and non-consistent with the rest of the series. When Alfonso Quaron took over the helmet in the Prisoner of Azkaban he gave the series what they so desperately needed: a gritty, realistic atmosphere in an elsewhere magical fantasyworld.</description><average>4</average></hallshame><hallshame><cover>http://www.filmfriction.com/images/films/hpacosr.png</cover><name>Harry Potter and the Chamber of Secrets: Revisited</name><description>Harry Potter and the Chamber of Secrets is respectively out of date and non-consistent with the rest of the series. When Alfonso Quaron took over the helmet in the Prisoner of Azkaban he gave the series what they so desperately needed: a gritty, realistic atmosphere in an elsewhere magical fantasyworld.</description><average>4</average></hallshame><hallshame><cover>http://www.filmfriction.com/images/films/hpacosr.png</cover><name>Harry Potter and the Chamber of Secrets: Revisited</name><description>Harry Potter and the Chamber of Secrets is respectively out of date and non-consistent with the rest of the series. When Alfonso Quaron took over the helmet in the Prisoner of Azkaban he gave the series what they so desperately needed: a gritty, realistic atmosphere in an elsewhere magical fantasyworld.</description><average>4</average></hallshame></hallshames>
