<?xml version="1.0"?>
<hallfames><hallfame><cover>http://www.filmfriction.com/images/films/skitcc.png</cover><name>Stephen King's IT: The Cinematic Cut</name><description>Seven children find each other as an ancient evil awakens to feed off their fear. They discover that only together can they hope to defeat it.</description><average>5</average></hallfame><hallfame><cover>http://www.filmfriction.com/images/films/skitcc.png</cover><name>Stephen King's IT: The Cinematic Cut</name><description>Seven children find each other as an ancient evil awakens to feed off their fear. They discover that only together can they hope to defeat it.</description><average>5</average></hallfame><hallfame><cover>http://www.filmfriction.com/images/films/skitcc.png</cover><name>Stephen King's IT: The Cinematic Cut</name><description>Seven children find each other as an ancient evil awakens to feed off their fear. They discover that only together can they hope to defeat it.</description><average>5</average></hallfame><hallfame><cover>http://www.filmfriction.com/images/films/skitcc.png</cover><name>Stephen King's IT: The Cinematic Cut</name><description>Seven children find each other as an ancient evil awakens to feed off their fear. They discover that only together can they hope to defeat it.</description><average>5</average></hallfame><hallfame><cover>http://www.filmfriction.com/images/films/skitcc.png</cover><name>Stephen King's IT: The Cinematic Cut</name><description>Seven children find each other as an ancient evil awakens to feed off their fear. They discover that only together can they hope to defeat it.</description><average>5</average></hallfame><hallfame><cover>http://www.filmfriction.com/images/films/skitcc.png</cover><name>Stephen King's IT: The Cinematic Cut</name><description>Seven children find each other as an ancient evil awakens to feed off their fear. They discover that only together can they hope to defeat it.</description><average>5</average></hallfame><hallfame><cover>http://www.filmfriction.com/images/films/hpacosr.png</cover><name>Harry Potter and the Chamber of Secrets: Revisited</name><description>Harry Potter and the Chamber of Secrets is respectively out of date and non-consistent with the rest of the series. When Alfonso Quaron took over the helmet in the Prisoner of Azkaban he gave the series what they so desperately needed: a gritty, realistic atmosphere in an elsewhere magical fantasyworld.</description><average>4</average></hallfame><hallfame><cover>http://www.filmfriction.com/images/films/hpacosr.png</cover><name>Harry Potter and the Chamber of Secrets: Revisited</name><description>Harry Potter and the Chamber of Secrets is respectively out of date and non-consistent with the rest of the series. When Alfonso Quaron took over the helmet in the Prisoner of Azkaban he gave the series what they so desperately needed: a gritty, realistic atmosphere in an elsewhere magical fantasyworld.</description><average>4</average></hallfame><hallfame><cover>http://www.filmfriction.com/images/films/hpacosr.png</cover><name>Harry Potter and the Chamber of Secrets: Revisited</name><description>Harry Potter and the Chamber of Secrets is respectively out of date and non-consistent with the rest of the series. When Alfonso Quaron took over the helmet in the Prisoner of Azkaban he gave the series what they so desperately needed: a gritty, realistic atmosphere in an elsewhere magical fantasyworld.</description><average>4</average></hallfame><hallfame><cover>http://www.filmfriction.com/images/films/hpacosr.png</cover><name>Harry Potter and the Chamber of Secrets: Revisited</name><description>Harry Potter and the Chamber of Secrets is respectively out of date and non-consistent with the rest of the series. When Alfonso Quaron took over the helmet in the Prisoner of Azkaban he gave the series what they so desperately needed: a gritty, realistic atmosphere in an elsewhere magical fantasyworld.</description><average>4</average></hallfame></hallfames>
