<?xml version="1.0"?>
<upncomings><upncoming><cover>http://www.filmfriction.com/images/films/hpatssr.png</cover><name>Harry Potter and the Sorcerer's Stone: Revisited</name><description>The beginning chapter of the story of the world&amp;rsquo;s most beloved wizard, Harry Potter, gets a complete overhaul. Making it better fit with both the picture and sound, while also establishing a cohesive narrative on which to base the rest of the franchise.</description></upncoming><upncoming><cover>http://www.filmfriction.com/images/films/htotfs.png</cover><name>Hobbit: The Original Two-Film Structure</name><description>A new edit of The Hobbit, two years in the making, inspired by the original two-film script. The first film, The Gathering of the Clouds, tells the story of Bilbo, who is whisked away on an adventure to save the homeland of a band of thirteen dwarves by Gandalf the wizard. During his travels Bilbo discovers his own resourcefulness and courage, as a plot unfolds that might affect all the lands of Middle-Earth.</description></upncoming><upncoming><cover>http://www.filmfriction.com/images/films/bfrbe.png</cover><name>Batman Forever: Red Book Edition</name><description></description></upncoming><upncoming><cover>http://www.filmfriction.com/images/films/brnvc.png</cover><name>Blade Runner 2049: New Vangelis Cut</name><description>What would a modern day Blade Runner score by Vangelis sound like? This edit rescores Blade Runner 2049 with new music from the composers's 2016 album Rosetta and his Blade Runner tribute album from 2007. The music is supplemented by some earlier Vangelis tracks, as well as material by John Barry and others. No music from the original Blade Runner is used, except when sampled by Vangelis on the BR tribute album. In addition, the edit is approx. 15 minutes shorter, mainly from trimming Wallace's scenes to a minimum and cutting Gaff and Rachael.</description></upncoming><upncoming><cover>http://www.filmfriction.com/images/films/scr.png</cover><name>Serenity Chronicles III: Revelations</name><description>This is the most complete version of the film Serenity. All deleted scenes have been added back in and whenever possible, they have been scored with music from the score composed by David Newman.</description></upncoming><upncoming><cover>http://www.filmfriction.com/images/films/gt.png</cover><name>Ghostbusters III</name><description>&amp;rsquo;Ghostbusters (2016)&amp;rsquo; recut to remove 75% of the improv jokes, so the film stays on script and on character. Less is more... less jokes... more funny.</description></upncoming><upncoming><cover>http://www.filmfriction.com/images/films/brnvc.png</cover><name>Blade Runner 2049: New Vangelis Cut</name><description>What would a modern day Blade Runner score by Vangelis sound like? This edit rescores Blade Runner 2049 with new music from the composers's 2016 album Rosetta and his Blade Runner tribute album from 2007. The music is supplemented by some earlier Vangelis tracks, as well as material by John Barry and others. No music from the original Blade Runner is used, except when sampled by Vangelis on the BR tribute album. In addition, the edit is approx. 15 minutes shorter, mainly from trimming Wallace's scenes to a minimum and cutting Gaff and Rachael.</description></upncoming><upncoming><cover>http://www.filmfriction.com/images/films/gotasos.png</cover><name>Game of Thrones: A Storm of Swords</name><description>A streamlined and fast-paced narrative, in the structural and musical spirit of the Lord of the Rings franchise. Season 2 in 3 hours and 9 minutes, with the epic score of Howard Shore.</description></upncoming><upncoming><cover>http://www.filmfriction.com/images/films/aaouee.png</cover><name>Avengers: Age of Ultron - Extended Edition</name><description>Experience the amazing sequel of The Avengers with 6 minutes and a half of extra scenes. Since I made the extended edition of the first Avengers film, which was a huge success here in the website xD, I&amp;rsquo;ve decided to create an extended edition of the second film. I enjoyed a lot Avengers 2, and while it may have some little flaws, I still believe it&amp;rsquo;s actually a great sequel with the same quality as the first one. Many of the "troubles" people find on this film don&amp;rsquo;t bother me at all</description></upncoming><upncoming><cover>http://www.filmfriction.com/images/films/gotatokah.png</cover><name>Game of Thrones: A Tale of Kings and Honor</name><description>A streamlined and fast-paced narrative, in the structural and musical spirit of the Lord of the Rings franchise. Season 1 in 2 hours and 36 minutes, with the epic score of Howard Shore.</description></upncoming></upncomings>
