<?xml version="1.0"?>
<upncomings><upncoming><cover>http://www.filmfriction.com/images/films/mosasoh.png</cover><name>Man of Steel: A Symbol of Hope</name><description>Man of Steel: A Symbol of Hope does not try to radically reshape MOS because I liked most of it already. I just wanted to tweak the character of Superman to make him feel more heroic. So if you hated everything about the original MOS, then this isn&amp;rsquo;t the FanFix for you. There are several 10-minute chunks of this edit that are unchanged (aside from the regrade) but when I did change something, I hope it feels significant. </description></upncoming><upncoming><cover>http://www.filmfriction.com/images/films/brnvc.png</cover><name>Blade Runner 2049: New Vangelis Cut</name><description>What would a modern day Blade Runner score by Vangelis sound like? This edit rescores Blade Runner 2049 with new music from the composers's 2016 album Rosetta and his Blade Runner tribute album from 2007. The music is supplemented by some earlier Vangelis tracks, as well as material by John Barry and others. No music from the original Blade Runner is used, except when sampled by Vangelis on the BR tribute album. In addition, the edit is approx. 15 minutes shorter, mainly from trimming Wallace's scenes to a minimum and cutting Gaff and Rachael.</description></upncoming><upncoming><cover>http://www.filmfriction.com/images/films/bfrbe.png</cover><name>Batman Forever: Red Book Edition</name><description></description></upncoming><upncoming><cover>http://www.filmfriction.com/images/films/brnvc.png</cover><name>Blade Runner 2049: New Vangelis Cut</name><description>What would a modern day Blade Runner score by Vangelis sound like? This edit rescores Blade Runner 2049 with new music from the composers's 2016 album Rosetta and his Blade Runner tribute album from 2007. The music is supplemented by some earlier Vangelis tracks, as well as material by John Barry and others. No music from the original Blade Runner is used, except when sampled by Vangelis on the BR tribute album. In addition, the edit is approx. 15 minutes shorter, mainly from trimming Wallace's scenes to a minimum and cutting Gaff and Rachael.</description></upncoming><upncoming><cover>http://www.filmfriction.com/images/films/hpatssr.png</cover><name>Harry Potter and the Sorcerer's Stone: Revisited</name><description>The beginning chapter of the story of the world&amp;rsquo;s most beloved wizard, Harry Potter, gets a complete overhaul. Making it better fit with both the picture and sound, while also establishing a cohesive narrative on which to base the rest of the franchise.</description></upncoming><upncoming><cover>http://www.filmfriction.com/images/films/smrbb.png</cover><name>Spider-Man 3: Redemption by Badscooter</name><description></description></upncoming><upncoming><cover>http://www.filmfriction.com/images/films/swrotraroe.png</cover><name>Star Wars: Rise of the Rebellion - A Rogue One Edit</name><description>Rise of the Rebellion is a light fanfix of what I consider to be the second best Star Wars movie currently released. This edit differs from others in that it does not drastically reduce the length, narrative focus of the movie or add any John Williams cues. Rise of the Rebellion seeks to restore heroes to the movie by slightly shifting their motivations and actions to produce a story that is filled with brave heroes and less distractions.</description></upncoming><upncoming><cover>http://www.filmfriction.com/images/films/cacwmc.png</cover><name>Captain America: Civil War - Marvel Crossover</name><description>With friends like these, who needs enemies? This is the big AVENGERS battle you&amp;rsquo;ve been waiting for, a CIVIL WAR of Team IRON MAN versus team CAPTAIN AMERICA!</description></upncoming><upncoming><cover>http://www.filmfriction.com/images/films/fnsm.png</cover><name>Friendly Neighborhood Spider-Man</name><description>Thrilled by his experience with the Avengers, Peter Parker returns home under the watchful eye of his new mentor Tony Stark. Peter tries to fall back into his daily routine </description></upncoming><upncoming><cover>http://www.filmfriction.com/images/films/rtve.png</cover><name>RoboCop: TV Edit HD Restoration</name><description>This is an edit of RoboCop that attempts to recreate the heavily censored Network Television presentation in HD. The movie is cropped and pan-and-scanned to 4:3 like old TV broadcasts, and there are fade in and outs every 15ish minutes to emulate where commercial breaks would be. Swears are replaced with less offending words like "freaking", "forget", "bonehead", and "bologna". Violence is heavily trimmed down and cut as well, for example, Clarence swerves around Emil near the end instead of running him down.</description></upncoming></upncomings>
